Workbook

Sheet SETUP INFO
A2: DISTANCE
B3: Macon (MP 0.0) to Pooler (MP 511) | C3: 159.1 mi one-way / 318.2 mi roundtrip | D3: =159.1*2 -> 318.2
A5: G&W 'AUTHORIZED SPEED BY MP' CONVERSION
B6: Savannah Sub converts with: chainage = 92.3 + (577.8 - MP). Trip ends at Pooler, MP 511 -> chainage 159.1.
B7: Sub | C7: MP range | D7: mph | E7: Route miles | F7: Miles traversed | G7: Minutes @ speed limit | H7: Note
B8: Macon | C8: 0 - 2 | D8: 10 | E8: 0.0 - 2.0 | F8: 2 | G8: =(F8/D8)*60 -> 12
B9: Macon | C9: 2 - 6 | D9: 20 | E9: 2.0 - 6.0 | F9: 4 | G9: =(F9/D9)*60 -> 12
B10: Macon | C10: 6 - 49 | D10: 25 | E10: 6.0 - 49.0 | F10: 43 | G10: =(F10/D10)*60 -> 103.2
B11: Macon | C11: 49 - 58.6 | D11: 10 | E11: 49.0 - 58.6 | F11: 9.6 | G11: =(F11/D11)*60 -> 57.6
B12: Macon | C12: 58.6 - 91.3 | D12: 25 | E12: 58.6 - 91.3 | F12: 32.7 | G12: =(F12/D12)*60 -> 78.48
B13: Macon | C13: 91.3 - 92.3 | D13: 10 | E13: 91.3 - 92.3 | F13: 1 | G13: =(F13/D13)*60 -> 6
B14: Savannah | C14: 577.8 - 575.6 | D14: 10 | E14: 92.3 - 94.5 | F14: 2.2 | G14: =(F14/D14)*60 -> 13.2
B15: Savannah | C15: 575.6 - 558 | D15: 25 | E15: 94.5 - 112.1 | F15: 17.6 | G15: =(F15/D15)*60 -> 42.24
B16: Savannah | C16: 558 - 556 | D16: 10 | E16: 112.1 - 114.1 | F16: 2 | G16: =(F16/D16)*60 -> 12
B17: Savannah | C17: 556 - 521.5 | D17: 25 | E17: 114.1 - 148.6 | F17: 34.5 | G17: =(F17/D17)*60 -> 82.8
B18: Savannah | C18: 521.5 - 504 | D18: 20 | E18: 148.6 - 166.1 | F18: 10.5 | G18: =(F18/D18)*60 -> 31.5 | H18: stop at Pooler: 159.1 - 148.6 = 10.5 mi
B19: Savannah | C19: 504 - 499 | D19: 10 | E19: 166.1 - 171.1 | F19: 0 | G19: =(F19/D19)*60 -> 0 | H19: beyond Pooler; not traversed
B20: TOTAL | F20: 159.1 | G20: =SUM(G8:G19) -> 451.02 | H20: 451 min = 7 h 31m
B22: SPEED BUCKETS
B23: 10 mph | C23: =SUM(F8,F11,F13,F14,F16,F19) -> 16.8 | D23: 16.8 | E23: =(D23/10)*60 -> 100.8 | F23: 1h 41m | G23: =(D23/10)*60 -> 100.8
B24: 20 mph | C24: =SUM(F9,F18) -> 14.5 | D24: 14.5 | E24: =(C24/20)*60 -> 43.5 | F24: 44m
B25: 25 mph | C25: =SUM(F10,F12,F15,F17) -> 127.8 | D25: 127.8 | E25: =(D25/25)*60 -> 306.72 | F25: 5h 07m
A28: ENERGY
A29: 159.1m x 2kWh = 318 kWh/leg; so we are short ~50-58kWh
A32: KINEMATIC EQUATION
A33: v^2 = v_0^2 + 2ad
A34: v_0 = Initial starting velocity
A35: a = Constant acceleration or deceleration
A36: d = Distance or displacement moved
A38: cruise speed | B38: 25 | C38: mph
A39: a | B39: 0.25 | C39: mph/s
A40: 2a | B40: =2*3600*B39 -> 1800 | C40: converted to per hr
A41: d | B41: 0.1 | C41: mi

Sheet PARAMS
A1: Parameter | B1: Value | C1: Note
A2: vehicle cruise speed (mph) | B2: 25 | C2: the decision: run the track limit
A3: acceleration / braking (mph/s) | B3: 0.25 | C3: PLACEHOLDER
A4: consumption LOADED (kWh/mi) | B4: 2
A5: consumption EMPTY (kWh/mi) | B5: 1
A6: battery pack (kWh) | B6: 265 | C6: midpoint of 260–270 range given
A7: reserve floor (fraction) | B7: 0.1 | C7: policy: never plan below 10%
A8: charge power (kW) | B8: 40 | C8: fast DC mobile charger; planned vehicle upgrade
A9: TIME ALLOWANCES
A10: off-power loading @ Macon (min) | B10: 30
A11: Macon hand-throw switch (min) | B11: 10
A12: get on charging track (min) | B12: 15
A13: stop charging, back on route (min) | B13: 15
A14: Pooler switch & positioning (min) | B14: 15
A15: port ramp/dray/ingate/shore power (min) | B15: 360
A16: max roundtrip per vehicle (h) | B16: 24
A17: max reefer off-power (h) | B17: 48
A19: include port time in VEHICLE cycle (0/1) | B19: 0 | C19: 1 breaks the 24-h budget; dray usually decouples
A20: Macon top-up charge to full (0/1) | B20: 1 | C20: needed so each cycle starts full
A22: 2a converted (mi/h²) | B22: =2*3600*B3 -> 1800
A23: drive-cycle grid (mi) | B23: 0.1
A24: per-row v² change | B24: =B22*B23 -> 180
A25: floor (kWh) | B25: =B6*B7 -> 26.5
A26: scheduled Vidalia dwell for comparison (min) | B26: 25

Sheet DRIVE CYCLE
A1: mile | B1: speed limit (mph) | C1: mph | D1: fwd v2 | E1: final v2 | G1: a (mph/s) | H1: 0.25
A2: 0 | B2: 0 | C2: =ROUND(SQRT(E2),2) -> 0 | D2: =B2^2 -> 0 | E2: =MIN(D2, E3+$H$4) -> 0 | G2: 2a in mi/h^2 | H2: =2*3600*H1 -> 1800
A3: 0.1 | B3: 10 | C3: =ROUND(SQRT(E3),2) -> 10 | D3: =MIN(B3^2, D2+$H$4) -> 100 | E3: =MIN(D3, E4+$H$4) -> 100 | G3: step d (mi) | H3: 0.1
A4: 0.2 | B4: 10 | C4: =ROUND(SQRT(E4),2) -> 10 | D4: =MIN(B4^2, D3+$H$4) -> 100 | E4: =MIN(D4, E5+$H$4) -> 100 | G4: per-row v^2 step | H4: =H2*H3 -> 180
A5: 0.3 | B5: 10 | C5: =ROUND(SQRT(E5),2) -> 10 | D5: =MIN(B5^2, D4+$H$4) -> 100 | E5: =MIN(D5, E6+$H$4) -> 100
A6: 0.4 | B6: 10 | C6: =ROUND(SQRT(E6),2) -> 10 | D6: =MIN(B6^2, D5+$H$4) -> 100 | E6: =MIN(D6, E7+$H$4) -> 100 | G6: Formula: v2 changes by at most H4 (=1800*0.1=180) per row;
A7: 0.5 | B7: 10 | C7: =ROUND(SQRT(E7),2) -> 10 | D7: =MIN(B7^2, D6+$H$4) -> 100 | E7: =MIN(D7, E8+$H$4) -> 100 | G7: C = SQRT(MIN(limit^2, accel from row above, brake to row below))
A8: 0.6 | B8: 10 | C8: =ROUND(SQRT(E8),2) -> 10 | D8: =MIN(B8^2, D7+$H$4) -> 100 | E8: =MIN(D8, E9+$H$4) -> 100
A9: 0.7 | B9: 10 | C9: =ROUND(SQRT(E9),2) -> 10 | D9: =MIN(B9^2, D8+$H$4) -> 100 | E9: =MIN(D9, E10+$H$4) -> 100
A10: 0.8 | B10: 10 | C10: =ROUND(SQRT(E10),2) -> 10 | D10: =MIN(B10^2, D9+$H$4) -> 100 | E10: =MIN(D10, E11+$H$4) -> 100
A11: 0.9 | B11: 10 | C11: =ROUND(SQRT(E11),2) -> 10 | D11: =MIN(B11^2, D10+$H$4) -> 100 | E11: =MIN(D11, E12+$H$4) -> 100
A12: 1 | B12: 10 | C12: =ROUND(SQRT(E12),2) -> 10 | D12: =MIN(B12^2, D11+$H$4) -> 100 | E12: =MIN(D12, E13+$H$4) -> 100
A13: 1.1 | B13: 10 | C13: =ROUND(SQRT(E13),2) -> 10 | D13: =MIN(B13^2, D12+$H$4) -> 100 | E13: =MIN(D13, E14+$H$4) -> 100
A14: 1.2 | B14: 10 | C14: =ROUND(SQRT(E14),2) -> 10 | D14: =MIN(B14^2, D13+$H$4) -> 100 | E14: =MIN(D14, E15+$H$4) -> 100
A15: 1.3 | B15: 10 | C15: =ROUND(SQRT(E15),2) -> 10 | D15: =MIN(B15^2, D14+$H$4) -> 100 | E15: =MIN(D15, E16+$H$4) -> 100
A16: 1.4 | B16: 10 | C16: =ROUND(SQRT(E16),2) -> 10 | D16: =MIN(B16^2, D15+$H$4) -> 100 | E16: =MIN(D16, E17+$H$4) -> 100
A17: 1.5 | B17: 10 | C17: =ROUND(SQRT(E17),2) -> 10 | D17: =MIN(B17^2, D16+$H$4) -> 100 | E17: =MIN(D17, E18+$H$4) -> 100
A18: 1.6 | B18: 10 | C18: =ROUND(SQRT(E18),2) -> 10 | D18: =MIN(B18^2, D17+$H$4) -> 100 | E18: =MIN(D18, E19+$H$4) -> 100
A19: 1.7 | B19: 10 | C19: =ROUND(SQRT(E19),2) -> 10 | D19: =MIN(B19^2, D18+$H$4) -> 100 | E19: =MIN(D19, E20+$H$4) -> 100
... A946: 94.4 | B946: 10 | C946: =ROUND(SQRT(E946),2) -> 10 | D946: =MIN(B946^2, D945+$H$4) -> 100 | E946: =MIN(D946, E947+$H$4) -> 100
A947: 94.5 | B947: 0 | C947: =ROUND(SQRT(E947),2) -> 0 | D947: =MIN(B947^2, D946+$H$4) -> 0 | E947: =MIN(D947, E948+$H$4) -> 0 | G947: Vidalia stop
A948: 94.6 | B948: 25 | C948: =ROUND(SQRT(E948),2) -> 13.42 | D948: =MIN(B948^2, D947+$H$4) -> 180 | E948: =MIN(D948, E949+$H$4) -> 180
A949: 94.7 | B949: 25 | C949: =ROUND(SQRT(E949),2) -> 18.97 | D949: =MIN(B949^2, D948+$H$4) -> 360 | E949: =MIN(D949, E950+$H$4) -> 360
A950: 94.8 | B950: 25 | C950: =ROUND(SQRT(E950),2) -> 23.24 | D950: =MIN(B950^2, D949+$H$4) -> 540 | E950: =MIN(D950, E951+$H$4) -> 540
A951: 94.9 | B951: 25 | C951: =ROUND(SQRT(E951),2) -> 25 | D951: =MIN(B951^2, D950+$H$4) -> 625 | E951: =MIN(D951, E952+$H$4) -> 625
A952: 95 | B952: 25 | C952: =ROUND(SQRT(E952),2) -> 25 | D952: =MIN(B952^2, D951+$H$4) -> 625 | E952: =MIN(D952, E953+$H$4) -> 625
A953: 95.1 | B953: 25 | C953: =ROUND(SQRT(E953),2) -> 25 | D953: =MIN(B953^2, D952+$H$4) -> 625 | E953: =MIN(D953, E954+$H$4) -> 625
A954: 95.2 | B954: 25 | C954: =ROUND(SQRT(E954),2) -> 25 | D954: =MIN(B954^2, D953+$H$4) -> 625 | E954: =MIN(D954, E955+$H$4) -> 625
A955: 95.3 | B955: 25 | C955: =ROUND(SQRT(E955),2) -> 25 | D955: =MIN(B955^2, D954+$H$4) -> 625 | E955: =MIN(D955, E956+$H$4) -> 625
A956: 95.4 | B956: 25 | C956: =ROUND(SQRT(E956),2) -> 25 | D956: =MIN(B956^2, D955+$H$4) -> 625 | E956: =MIN(D956, E957+$H$4) -> 625
A957: 95.5 | B957: 25 | C957: =ROUND(SQRT(E957),2) -> 25 | D957: =MIN(B957^2, D956+$H$4) -> 625 | E957: =MIN(D957, E958+$H$4) -> 625
A958: 95.6 | B958: 25 | C958: =ROUND(SQRT(E958),2) -> 25 | D958: =MIN(B958^2, D957+$H$4) -> 625 | E958: =MIN(D958, E959+$H$4) -> 625
A959: 95.7 | B959: 25 | C959: =ROUND(SQRT(E959),2) -> 25 | D959: =MIN(B959^2, D958+$H$4) -> 625 | E959: =MIN(D959, E960+$H$4) -> 625
... A1592: 159 | B1592: 20 | C1592: =ROUND(SQRT(E1592),2) -> 13.42 | D1592: =MIN(B1592^2, D1591+$H$4) -> 400 | E1592: =MIN(D1592, E1593+$H$4) -> 180
A1593: 159.1 | B1593: 0 | C1593: =ROUND(SQRT(E1593),2) -> 0 | D1593: =MIN(B1593^2, D1592+$H$4) -> 0 | E1593: =D1593 -> 0

Sheet DWELL PLANS
B1: kWh
A2: E Macon→Vidalia (94.5 mi) | B2: =94.5*PARAMS!B4 -> 189 | C2: =94.5*PARAMS!B5 -> 94.5
A3: E Vidalia→Pooler (64.6 mi) | B3: =64.6*PARAMS!B4 -> 129.2 | C3: =64.6*PARAMS!B5 -> 64.6
A4: E Pooler→Plastic (3.0 mi) | B4: =3*PARAMS!B4 -> 6 | C4: =C2+C3 -> 159.1
A5: arrive Vidalia EB | B5: =PARAMS!B6-'DWELL PLANS'!B2 -> 76
A6: Vidalia EB charge | B6: =MAX(0,[2]Parameters!$B$25+B3+B4-B5) -> #VALUE!
A7: arrive @ Plastics Express | B7: =B5+B6-B3-B4 -> #VALUE!
A8: charge @ Plastics Express | B8: =MIN(MAX(0,[2]Parameters!$B$25+C4-B7),[2]Parameters!$B$6-B7) -> #VALUE!
A9: arrive Vidalia WB | B9: =B7+B8-C2 -> #VALUE!
A10: c3 Vidalia WB charge (0 if empty return fits) | B10: =MAX(0,[2]Parameters!$B$25+C3-B9) -> #VALUE!
A11: end SOC at Macon | B11: =B9+B10-C3 -> #VALUE!
A12: c1 minutes | B12: =ROUNDUP(B6/[2]Parameters!$B$8*60,0) -> #VALUE!
A13: c2 minutes | B13: =ROUNDUP(B8/[2]Parameters!$B$8*60,0) -> #VALUE!
A14: c3 minutes | B14: =ROUNDUP(B10/[2]Parameters!$B$8*60,0) -> #VALUE!
A15: Macon top-up to full (kWh) | B15: =[2]Parameters!$B$6-B11 -> #VALUE!
A16: Macon top-up minutes | B16: =ROUNDUP(B15/[2]Parameters!$B$8*60,0)*[2]Parameters!$B$20 -> #VALUE!
A18: CHRONOLOGICAL LEDGER — using & depleting, correlated to time
A19: Event | B19: Miles | C19: Time (min) | D19: Energy Δ (kWh) | E19: SOC after (kWh) | F19: Note
A20: Depart Macon (full pack, loaded) | B20: 0 | C20: 0 | D20: 0 | E20: =[2]Parameters!$B$6 -> #VALUE! | F20: start of cycle
A21: Run Macon → Vidalia | B21: 94.5 | C21: =(14.8/10*60+4/MIN(20,[2]Parameters!$B$2)*60+75.7/MIN(25,[2]Parameters!$B$2)*60) -> #VALUE! | D21: =-'[2]Dwell Plans'!B1 -> #VALUE! | E21: =E20+D21 -> #VALUE! | F21: loaded
A22: CHARGE at Vidalia | B22: 0 | C22: ='[2]Dwell Plans'!B11 -> #VALUE! | D22: ='[2]Dwell Plans'!B5 -> #VALUE! | E22: =E21+D22 -> #VALUE! | F22: enough to reach Plastic above the floor
A23: Run Vidalia → Pooler | B23: 64.6 | C23: =(2/10*60+52.1/MIN(25,[2]Parameters!$B$2)*60+10.5/MIN(20,[2]Parameters!$B$2)*60) -> #VALUE! | D23: =-'[2]Dwell Plans'!B2 -> #VALUE! | E23: =E22+D23 -> #VALUE! | F23: loaded
A24: Unload at Pooler | B24: 0 | C24: =[2]Parameters!$B$14 -> #VALUE! | D24: 0 | E24: =E23+D24 -> #VALUE! | F24: switch & positioning
A25: Run Pooler → Plastic Express | B25: 3.0 | C25: =(3/MIN(20,[2]Parameters!$B$2)*60) -> #VALUE! | D25: =-'[2]Dwell Plans'!B3 -> #VALUE! | E25: =E24+D25 -> #VALUE! | F25: loaded (last loaded mile)
A26: CHARGE at Plastic Express | B26: 0 | C26: ='[2]Dwell Plans'!B12 -> #VALUE! | D26: ='[2]Dwell Plans'!B7 -> #VALUE! | E26: =E25+D26 -> #VALUE! | F26: banks the whole empty return
A27: Run Plastic → Vidalia (EMPTY) | B27: 67.6 | C27: =(3/MIN(20,[2]Parameters!$B$2)*60)+(2/10*60+52.1/MIN(25,[2]Parameters!$B$2)*60+10.5/MIN(20,[2]Parameters!$B$2)*60) -> #VALUE! | D27: =-'[2]Dwell Plans'!D1 -> #VALUE! | E27: =E26+D27 -> #VALUE! | F27: empty rate
A28: CHARGE at Vidalia WB (usually 0) | B28: 0 | C28: ='[2]Dwell Plans'!B13 -> #VALUE! | D28: ='[2]Dwell Plans'!B9 -> #VALUE! | E28: =E27+D28 -> #VALUE! | F28: flips on only if empty > ~1.47 kWh/mi
A29: Run Vidalia → Macon (EMPTY) | B29: 94.5 | C29: =(14.8/10*60+4/MIN(20,[2]Parameters!$B$2)*60+75.7/MIN(25,[2]Parameters!$B$2)*60) -> #VALUE! | D29: =-'[2]Dwell Plans'!D2 -> #VALUE! | E29: =E28+D29 -> #VALUE! | F29: empty rate
A30: CHARGE at Macon to full (toggle) | B30: 0 | C30: ='[2]Dwell Plans'!B15 -> #VALUE! | D30: ='[2]Dwell Plans'!B14*[2]Parameters!$B$20 -> #VALUE! | E30: =E29+D30 -> #VALUE! | F30: so the next cycle starts full
A31: TOTALS | B31: =2*162.1 -> 324.2 | C31: =SUM(C20:C30) -> #VALUE! | D31: =SUM(D20:D30) -> #VALUE! | F31: =TEXT(C31/1440,"h:mm")&" movement+charging — full cycle on Time Budget" -> #VALUE!

Sheet TIME BUDGET
B1: minutes | C1: hh:mm
A2: daily budget | B2: =PARAMS!B16*60 -> 1440
A3: round trip traverse | B3: =-(2*(14.8/10*60+4/MIN(20,PARAMS!$B$2)*60+75.7/MIN(25,PARAMS!$B$2)*60)+2*(2/10*60+52.1/MIN(25,PARAMS!$B$2)*60+10.5/MIN(20,PARAMS!$B$2)*60)+2*(3/MIN(20,PARAMS!$B$2)*60)) -> -920.04
A4: handling the allowances identified | B4: =-(PARAMS!$B$10+PARAMS!$B$11+PARAMS!$B$12+PARAMS!$B$13+PARAMS!$B$14+PARAMS!$B$15*PARAMS!$B$19+IF('[1]Dwell Plans'!B12>0,PARAMS!$B$12+PARAMS!$B$13,0)) -> #VALUE! | D4: load, switches, on/off etc
B5: =SUM(B2:B4) -> #VALUE!
A6: charging actually needed | B6: -731 | D6: vidalia, plastic, macon
B7: =SUM(B5:B6) -> #VALUE!
